
CREATE DATABASE /*!32312 IF NOT EXISTS*/`test_database` /*!40100 DEFAULT CHARACTER SET utf8 */;

USE `test_database`;

/*Table structure for table `cities` */

DROP TABLE IF EXISTS `cities`;

CREATE TABLE `cities` (
  `id` int(11) NOT NULL AUTO_INCREMENT,
  `name` varchar(255) NOT NULL,
  `zip_code` varchar(10) DEFAULT NULL,
  `created_at` datetime NOT NULL,
  `updated_at` datetime NOT NULL,
  PRIMARY KEY (`id`)
) ENGINE=InnoDB AUTO_INCREMENT=26 DEFAULT CHARSET=utf8 COMMENT='Города проживания сотрудников';

/*Data for the table `cities` */

insert  into `cities`(`id`,`name`,`zip_code`,`created_at`,`updated_at`) values 
(1,'Paulatuk','16549','2015-08-26 23:32:04','2017-11-25 15:42:56'),
(2,'Rhayader','99188','2015-01-09 08:48:10','2017-11-29 22:09:45'),
(3,'Grand Island','8234','2015-03-27 05:39:46','2017-11-22 20:18:22'),
(4,'Helena','RX91 2GU','2015-10-14 07:48:02','2017-11-25 01:20:41'),
(5,'Castelseprio','11812','2015-08-06 04:03:14','2017-11-28 21:34:12'),
(6,'Monteleone di Spoleto','OE2 7DN','2015-11-23 15:55:52','2017-11-23 01:10:52'),
(7,'Wandsworth','52802','2015-05-30 05:52:15','2017-11-29 15:54:00'),
(8,'Noville','90154','2015-05-23 08:04:55','2017-11-22 14:20:57'),
(9,'Beert','4834','2015-02-10 08:53:49','2017-11-27 00:07:44'),
(10,'Auckland','1182','2015-04-26 18:33:34','2017-11-25 04:34:05'),
(11,'Fourbechies','1946GE','2015-05-11 17:24:53','2017-11-28 01:10:40'),
(12,'HomprŽ','36648','2015-03-14 08:19:01','2017-11-22 12:09:24'),
(13,'McCallum','37780','2015-07-15 06:12:27','2017-11-25 21:12:29'),
(14,'Dunbar','21316','2015-06-20 22:31:31','2017-11-27 20:46:36'),
(15,'Ethe','35284','2015-11-27 09:33:28','2017-11-27 04:23:02'),
(16,'San Rafael','57021','2015-04-20 02:08:23','2017-11-28 10:02:56'),
(17,'Little Rock','N0A 8B0','2015-10-25 19:22:28','2017-11-26 10:32:33'),
(18,'Piscinas','86-156','2015-09-06 03:50:14','2017-11-26 17:49:38'),
(19,'Alingsås','38715','2015-05-01 07:39:23','2017-11-23 03:43:00'),
(20,'Helmond','9091YJ','2015-09-05 11:50:19','2017-11-27 16:58:20'),
(21,'Salem','41341','2015-11-26 14:38:28','2017-11-24 19:54:40'),
(22,'Schönebeck','CP6E 3GK','2015-12-10 19:59:16','2017-11-23 13:40:16'),
(23,'Gebze','558420','2015-06-30 13:44:42','2017-11-25 21:02:07'),
(24,'Calestano','30700','2015-12-01 22:48:27','2017-11-23 12:02:00'),
(25,'Massello','782618','2015-09-05 05:24:51','2017-11-25 21:51:46');

/*Table structure for table `emails` */

DROP TABLE IF EXISTS `emails`;

CREATE TABLE `emails` (
  `id` int(11) NOT NULL AUTO_INCREMENT,
  `name` varchar(255) NOT NULL,
  `created_at` datetime NOT NULL,
  `updated_at` datetime NOT NULL,
  PRIMARY KEY (`id`)
) ENGINE=InnoDB AUTO_INCREMENT=171 DEFAULT CHARSET=utf8 COMMENT='email адреса сотрудников';

/*Data for the table `emails` */

insert  into `emails`(`id`,`name`,`created_at`,`updated_at`) values 
(1,'sit.amet.massa@Proinsed.net','2015-07-26 13:31:05','2015-12-08 04:00:29'),
(2,'scelerisque.neque@semut.com','2015-06-01 16:01:26','2015-12-04 13:32:43'),
(3,'mauris.sapien.cursus@faucibus.com','2015-05-14 18:16:40','2015-11-14 01:52:01'),
(4,'rutrum@ipsumSuspendisse.ca','2015-09-08 19:09:14','2015-12-02 03:27:05'),
(5,'et.netus@tellus.com','2015-09-30 07:23:44','2015-12-27 21:19:54'),
(6,'amet.risus@malesuada.org','2015-11-08 23:27:50','2015-12-25 10:03:10'),
(7,'dis.parturient@et.org','2015-05-26 14:51:02','2015-11-26 02:51:33'),
(8,'Curae.Phasellus@sedtortorInteger.org','2015-05-06 18:49:04','2015-11-24 04:16:42'),
(9,'nec@pedenonummy.org','2015-07-07 17:11:51','2015-12-15 19:01:51'),
(10,'eu.nibh@semegestas.com','2015-06-10 11:49:02','2015-12-11 20:09:03'),
(11,'eu.odio@fringilla.co.uk','2015-07-07 13:17:48','2015-12-04 19:29:17'),
(12,'eleifend.nec.malesuada@necante.edu','2015-06-13 14:21:14','2015-11-14 11:22:31'),
(13,'augue@quamPellentesque.net','2015-10-04 18:10:59','2015-12-03 17:26:20'),
(14,'Proin.mi@tellusidnunc.edu','2015-09-09 18:08:03','2015-11-28 20:03:36'),
(15,'volutpat.Nulla@urnaet.ca','2015-10-26 23:55:36','2015-11-24 10:30:27'),
(16,'magna@hendrerit.edu','2015-07-06 06:41:41','2015-11-06 02:29:46'),
(17,'semper.rutrum@neque.net','2015-01-21 09:26:57','2015-12-02 22:12:36'),
(18,'Nunc@massaSuspendisseeleifend.edu','2015-02-07 22:52:00','2015-11-15 08:22:39'),
(19,'pede.ac.urna@varius.org','2015-04-30 09:34:24','2015-11-11 01:12:44'),
(20,'Phasellus.in.felis@hendreritconsectetuer.ca','2015-08-23 09:57:34','2015-11-12 00:07:12'),
(21,'iaculis@semmagnanec.co.uk','2015-04-14 12:20:46','2015-12-20 10:58:09'),
(22,'congue.turpis.In@Nullatincidunt.edu','2015-06-26 06:45:14','2015-12-16 17:07:35'),
(23,'elit.Etiam.laoreet@purusmaurisa.edu','2015-04-02 18:21:06','2015-11-21 11:10:46'),
(24,'arcu.Aliquam@semper.ca','2015-04-10 06:51:09','2015-11-23 13:33:20'),
(25,'nisl@neque.co.uk','2015-10-30 17:26:13','2015-11-08 09:28:25'),
(26,'ut@Maurismolestie.edu','2015-12-17 13:53:25','2015-11-30 03:11:53'),
(27,'nunc.est.mollis@sedtortorInteger.edu','2015-07-30 07:47:43','2015-12-18 10:08:47'),
(28,'penatibus@Aliquamauctor.com','2015-07-21 14:07:48','2015-12-04 13:21:30'),
(29,'netus.et.malesuada@Sed.edu','2015-07-04 07:07:57','2015-11-29 13:09:54'),
(30,'sem.semper@tortor.net','2015-09-29 20:32:07','2015-11-21 03:55:25'),
(31,'diam@Aenean.com','2015-01-02 18:36:00','2015-11-29 03:08:03'),
(32,'euismod@scelerisque.org','2015-02-28 03:52:42','2015-12-23 10:27:03'),
(33,'odio.vel.est@Phasellus.edu','2015-11-17 22:46:42','2015-11-16 22:43:13'),
(34,'lacinia.vitae.sodales@faucibus.ca','2015-06-08 05:46:26','2015-11-16 12:50:25'),
(35,'sit.amet.luctus@ut.org','2015-02-05 11:14:11','2015-11-11 22:21:10'),
(36,'Mauris@Nulla.net','2015-07-01 13:21:21','2015-11-12 10:36:57'),
(37,'elementum.purus@sapien.com','2015-03-20 09:04:03','2015-11-29 11:58:32'),
(38,'nonummy@nec.co.uk','2015-03-24 20:16:45','2015-12-26 10:50:53'),
(39,'Nam@diamDuis.org','2015-04-11 13:19:23','2015-11-29 20:36:51'),
(40,'montes@erat.com','2015-12-24 18:43:09','2015-11-14 07:23:25'),
(41,'erat.Etiam.vestibulum@rutrumjusto.edu','2015-05-10 06:48:36','2015-11-21 20:11:28'),
(42,'tristique.pellentesque@semperet.co.uk','2015-04-15 10:50:37','2015-11-17 08:35:10'),
(43,'nunc@cursusluctusipsum.org','2015-11-14 15:34:17','2015-11-09 06:50:22'),
(44,'ornare.tortor@nunc.com','2015-10-20 09:52:25','2015-12-07 01:37:48'),
(45,'diam@liberoProinsed.co.uk','2015-07-31 14:30:35','2015-11-28 04:10:02'),
(46,'malesuada.malesuada.Integer@natoque.edu','2015-12-04 22:28:57','2015-12-28 23:50:55'),
(47,'vitae@neque.edu','2015-12-14 22:30:59','2016-01-01 18:13:13'),
(48,'posuere@laciniaatiaculis.edu','2015-06-01 04:47:07','2015-11-08 13:56:28'),
(49,'non.quam.Pellentesque@tinciduntdui.com','2015-04-19 08:55:52','2015-12-21 22:39:26'),
(50,'dui.nec@intempus.edu','2015-04-29 01:08:16','2015-11-22 12:42:25'),
(51,'imperdiet.dictum@pede.net','2015-03-14 08:05:39','2015-11-16 09:45:41'),
(52,'enim.sit@gravidanon.ca','2015-10-06 08:49:40','2015-11-25 23:30:08'),
(53,'Mauris.eu.turpis@cursusaenim.com','2015-06-09 17:54:15','2015-12-10 09:55:02'),
(54,'auctor.velit.Aliquam@vitae.ca','2015-09-18 02:13:18','2015-12-04 06:45:08'),
(55,'ornare.placerat@Aliquam.org','2015-04-10 09:42:10','2015-11-30 20:23:31'),
(56,'vitae@elementumduiquis.co.uk','2015-12-06 13:07:54','2015-11-26 10:27:02'),
(57,'aliquet@liberoestcongue.ca','2015-04-26 10:40:15','2015-12-05 17:00:45'),
(58,'volutpat.ornare.facilisis@pharetrased.org','2015-03-30 17:20:13','2015-12-19 03:09:07'),
(59,'Aliquam.nec.enim@Maecenas.ca','2015-04-14 10:57:43','2015-12-14 05:44:09'),
(60,'fermentum.risus@Namtempordiam.net','2015-07-20 22:54:34','2015-11-05 04:29:35'),
(61,'magna.Praesent.interdum@NullafacilisisSuspendisse.co.uk','2015-01-21 01:08:09','2015-12-24 06:27:13'),
(62,'rutrum@arcuVestibulum.edu','2015-09-28 06:14:33','2015-11-17 07:36:55'),
(63,'auctor.quis.tristique@veliteusem.co.uk','2015-09-13 10:41:09','2015-12-28 21:30:42'),
(64,'vel.venenatis@lobortisrisusIn.edu','2015-09-02 03:29:54','2015-12-03 10:41:45'),
(65,'semper.erat@mauriselitdictum.ca','2015-07-12 23:33:33','2015-11-09 04:41:22'),
(66,'nec.ante.Maecenas@lobortistellusjusto.edu','2015-04-30 08:39:18','2015-12-18 22:27:38'),
(67,'at.egestas@luctus.edu','2015-09-16 11:50:41','2015-12-23 01:56:44'),
(68,'eleifend@sem.org','2015-10-13 14:42:54','2015-11-09 03:01:28'),
(69,'egestas.Sed.pharetra@elit.net','2015-05-07 00:56:39','2015-12-12 03:10:43'),
(70,'magnis.dis@egestasblandit.com','2015-06-15 02:12:16','2015-12-01 06:48:00'),
(71,'Donec@lorem.co.uk','2015-12-20 05:23:25','2015-12-12 02:58:47'),
(72,'montes.nascetur.ridiculus@sollicitudinorci.com','2015-05-17 12:53:17','2015-11-21 01:54:46'),
(73,'vitae.risus@nec.org','2015-01-21 10:52:37','2015-11-30 04:06:12'),
(74,'sollicitudin@Duiselementum.co.uk','2015-07-13 13:56:40','2015-12-15 22:54:13'),
(75,'Sed@consectetuermaurisid.co.uk','2015-02-23 10:57:46','2015-11-15 15:01:11'),
(76,'natoque@dictum.net','2015-05-27 10:11:44','2015-11-22 13:58:42'),
(77,'at.risus.Nunc@Suspendisse.co.uk','2015-10-19 21:24:28','2015-11-15 11:57:18'),
(78,'varius.ultrices.mauris@ultricies.com','2015-08-28 05:29:06','2016-01-01 22:30:11'),
(79,'cursus.a.enim@Nuncmaurissapien.ca','2015-05-18 12:59:05','2015-12-03 04:01:58'),
(80,'cursus.in.hendrerit@ridiculusmus.co.uk','2015-03-23 11:08:58','2015-11-29 17:07:04'),
(81,'sapien.Aenean@elit.co.uk','2015-01-04 00:50:02','2015-11-28 03:32:52'),
(82,'non.dapibus.rutrum@Utsagittislobortis.edu','2015-11-22 12:07:22','2015-12-26 12:59:39'),
(83,'Praesent@arcu.edu','2015-11-25 13:54:36','2015-12-06 05:16:36'),
(84,'Maecenas.libero@sedtortorInteger.co.uk','2015-06-30 22:15:57','2015-12-05 17:57:23'),
(85,'nibh.sit.amet@nonlorem.ca','2015-01-31 23:01:37','2015-12-01 20:04:24'),
(86,'Fusce.dolor@eu.net','2015-08-11 01:54:27','2015-12-03 13:33:58'),
(87,'dis.parturient.montes@sem.org','2015-04-23 18:09:51','2015-11-21 02:15:14'),
(88,'semper.et.lacinia@tempor.ca','2015-01-28 15:31:34','2015-11-16 05:22:42'),
(89,'aliquet.diam.Sed@auctor.org','2015-02-18 11:21:56','2015-12-15 17:10:31'),
(90,'vel@amet.net','2015-07-28 21:36:55','2015-11-09 16:28:42'),
(91,'adipiscing.fringilla@congue.ca','2015-05-26 06:37:07','2015-11-25 07:11:24'),
(92,'congue.turpis@acmattisvelit.co.uk','2015-08-25 15:41:44','2015-12-12 19:39:07'),
(93,'Donec.non.justo@congue.edu','2015-03-19 03:47:18','2015-11-18 00:05:15'),
(94,'lorem@necante.edu','2015-03-04 01:20:05','2015-11-12 16:03:26'),
(95,'fames.ac.turpis@lacusNullatincidunt.edu','2015-06-11 21:41:17','2015-12-01 15:11:46'),
(96,'vitae@tellus.com','2015-05-27 18:04:40','2015-12-15 08:00:08'),
(97,'tellus@tellus.co.uk','2015-09-11 15:16:15','2015-12-29 18:18:57'),
(98,'elementum.purus@ullamcorper.org','2015-04-30 23:10:25','2015-11-08 17:39:27'),
(99,'purus@parturientmontes.org','2015-04-08 09:19:22','2015-12-26 21:51:04'),
(100,'lorem.vitae.odio@ascelerisque.org','2015-10-04 19:22:46','2015-12-01 05:56:44'),
(101,'Sed@nasceturridiculus.net','2015-04-26 07:59:52','2015-10-21 06:09:59'),
(102,'et@ultrices.co.uk','2015-02-05 02:16:20','2015-05-19 16:05:31'),
(103,'varius.et.euismod@nibhdolornonummy.org','2015-01-15 06:35:46','2015-12-18 23:52:04'),
(104,'sociis.natoque.penatibus@eleifendnecmalesuada.com','2015-03-10 06:42:55','2015-06-15 17:38:18'),
(105,'arcu.et.pede@auctornonfeugiat.edu','2015-04-01 02:10:43','2015-11-16 04:01:47'),
(106,'molestie.arcu@aarcuSed.net','2015-05-06 04:49:56','2015-12-28 22:41:45'),
(107,'ligula.Nullam.feugiat@lorem.org','2015-02-22 08:35:26','2015-12-06 02:19:21'),
(108,'tincidunt.dui@consectetuercursus.co.uk','2015-01-20 05:25:35','2015-12-07 22:03:01'),
(109,'Aliquam.nisl@mi.com','2015-02-04 14:35:10','2015-08-29 10:15:35'),
(110,'Integer.aliquam@lobortisnisinibh.edu','2015-03-06 15:50:13','2015-08-06 08:00:07'),
(111,'conubia@ultrices.co.uk','2015-04-24 01:34:07','2015-08-01 08:30:12'),
(112,'urna.justo@Morbi.co.uk','2015-03-31 11:23:20','2015-08-07 19:36:40'),
(113,'Integer.in@Integer.net','2015-03-03 20:53:56','2015-11-04 12:35:54'),
(114,'a.purus@aptenttaciti.com','2015-04-24 00:33:30','2015-12-03 19:41:18'),
(115,'ad.litora@laciniavitaesodales.com','2015-01-11 11:15:45','2015-10-31 02:15:59'),
(116,'arcu@molestie.edu','2015-01-11 21:48:11','2015-08-27 01:29:00'),
(117,'adipiscing.elit.Aliquam@tempus.edu','2015-01-10 23:38:02','2015-12-07 09:33:01'),
(118,'ornare@vellectusCum.co.uk','2015-02-14 13:35:10','2015-12-02 19:12:29'),
(119,'erat@Nunc.com','2015-05-04 03:41:40','2015-12-18 23:41:12'),
(120,'at@pedenec.org','2015-01-28 19:39:22','2015-08-21 16:25:24'),
(121,'Sed.eget@faucibuslectusa.co.uk','2015-04-13 13:46:07','2015-11-05 10:00:40'),
(122,'enim.consequat@arcuVestibulum.ca','2015-05-03 00:10:51','2015-11-16 08:53:40'),
(123,'ipsum.Phasellus.vitae@urna.com','2015-05-03 16:53:09','2015-12-16 13:16:21'),
(124,'dictum.Phasellus.in@ultricessitamet.co.uk','2015-01-28 21:15:26','2015-09-25 17:35:25'),
(125,'lorem.eu@nislQuisque.edu','2015-04-05 21:59:47','2015-12-21 07:21:16'),
(126,'enim.non@rhoncus.edu','2015-04-30 14:31:22','2015-07-30 01:38:56'),
(127,'ornare@nisl.net','2015-01-26 11:17:14','2015-12-20 22:02:18'),
(128,'sed.turpis@nunc.com','2015-05-05 02:16:06','2015-10-29 11:04:59'),
(129,'tincidunt@Quisquepurussapien.edu','2015-04-16 14:56:15','2015-08-07 17:04:29'),
(130,'Aenean.sed.pede@Nullatemporaugue.org','2015-04-20 22:58:06','2015-09-19 17:25:00'),
(131,'dolor.egestas@accumsan.edu','2015-02-26 09:09:12','2015-12-15 01:50:29'),
(132,'Cras.dictum@Nam.net','2015-04-29 18:27:35','2015-10-05 06:19:24'),
(133,'orci.luctus.et@semper.org','2015-03-17 07:46:34','2015-09-29 12:33:50'),
(134,'massa@Donecvitae.ca','2015-04-10 18:29:30','2015-08-20 13:52:30'),
(135,'orci@in.org','2015-01-08 07:35:26','2015-12-25 04:59:38'),
(136,'feugiat.Sed@maurisaliquameu.ca','2015-02-03 09:13:17','2015-10-03 07:20:24'),
(137,'dolor.tempus.non@conubianostra.edu','2015-01-28 06:11:35','2015-11-01 14:41:36'),
(138,'sit@velsapienimperdiet.com','2015-02-03 06:52:59','2015-07-23 23:18:56'),
(139,'risus@Inat.co.uk','2015-03-09 02:08:24','2015-11-10 22:51:41'),
(140,'mi@arcu.org','2015-02-08 15:14:08','2015-06-04 19:28:35'),
(141,'natoque@arcu.edu','2015-02-07 10:59:37','2015-11-11 04:31:52'),
(142,'eget.varius.ultrices@iaculisenimsit.edu','2015-01-21 02:23:25','2015-09-14 03:06:37'),
(143,'diam@eu.co.uk','2015-01-08 10:05:22','2015-06-28 13:03:45'),
(144,'lobortis.mauris@imperdieterat.org','2015-02-19 15:52:18','2015-08-24 22:24:54'),
(145,'ornare.egestas.ligula@mattissemper.net','2015-05-07 17:57:34','2015-06-20 21:37:48'),
(146,'Donec.egestas@ante.com','2015-04-03 10:38:06','2015-05-31 12:30:31'),
(147,'consequat@velit.org','2015-04-16 09:19:19','2015-12-27 08:44:21'),
(148,'dapibus.ligula@ornare.ca','2015-03-21 12:35:58','2015-12-21 04:31:22'),
(149,'Cras.interdum@Quisque.edu','2015-05-11 13:17:02','2015-08-08 20:48:22'),
(150,'commodo.auctor@Curabiturconsequat.org','2015-02-09 05:38:19','2015-12-06 00:35:46'),
(151,'rutrum@Aliquamgravidamauris.com','2015-01-06 12:09:23','2015-05-21 07:32:13'),
(152,'sem.mollis@adipiscinglacusUt.ca','2015-04-02 15:10:52','2015-08-11 00:32:10'),
(153,'sapien@iaculisodio.ca','2015-04-21 07:57:39','2015-10-08 21:36:02'),
(154,'lorem.vehicula.et@Praesent.org','2015-03-31 05:52:08','2015-07-28 00:54:08'),
(155,'Vivamus@nuncIn.com','2015-04-03 20:15:26','2015-06-05 03:50:46'),
(156,'cursus.Nunc.mauris@vulputate.co.uk','2015-05-11 11:48:26','2015-07-12 14:13:42'),
(157,'tristique@velvenenatisvel.co.uk','2015-02-20 14:55:10','2015-10-20 14:24:38'),
(158,'lectus@montesnascetur.org','2015-03-17 21:28:20','2015-08-21 02:37:15'),
(159,'vitae.diam.Proin@rhoncusProin.net','2015-03-28 09:46:27','2015-11-19 03:28:40'),
(160,'purus.mauris@enim.com','2015-03-26 13:44:42','2015-06-08 23:06:56'),
(161,'metus.eu.erat@temporerat.ca','2015-03-31 19:55:49','2015-07-16 00:51:34'),
(162,'ac.metus.vitae@ultricies.org','2015-04-18 10:43:21','2015-10-06 06:24:25'),
(163,'lectus.Nullam.suscipit@sem.edu','2015-03-31 00:56:26','2015-06-10 00:08:40'),
(164,'vel.arcu@Pellentesquehabitantmorbi.co.uk','2015-04-15 17:32:14','2015-12-19 08:02:48'),
(165,'justo.sit@tinciduntnunc.co.uk','2015-02-21 21:23:44','2015-12-14 18:09:05'),
(166,'dictum.eleifend.nunc@arcu.ca','2015-03-19 23:35:02','2015-06-02 23:11:36'),
(167,'at@dolorvitaedolor.org','2015-04-05 10:43:00','2015-09-08 06:18:55'),
(168,'at.velit.Cras@risusat.com','2015-02-10 12:26:33','2015-10-20 05:41:06'),
(169,'Quisque@Nullamfeugiatplacerat.co.uk','2015-03-28 01:34:29','2015-11-10 02:46:17'),
(170,'Praesent.eu.nulla@malesuada.edu','2015-04-19 19:54:48','2015-12-02 10:15:26');

/*Table structure for table `phones` */

DROP TABLE IF EXISTS `phones`;

CREATE TABLE `phones` (
  `id` int(11) NOT NULL AUTO_INCREMENT,
  `name` varchar(255) NOT NULL,
  `created_at` datetime NOT NULL,
  `updated_at` datetime NOT NULL,
  PRIMARY KEY (`id`)
) ENGINE=InnoDB AUTO_INCREMENT=151 DEFAULT CHARSET=utf8 COMMENT='Телефонные номера сотрудников';

/*Data for the table `phones` */

insert  into `phones`(`id`,`name`,`created_at`,`updated_at`) values 
(1,'(066) 33597791','2015-03-30 03:27:07','2015-11-22 04:36:17'),
(2,'(033) 736222','2015-08-05 17:00:47','2015-12-22 11:03:00'),
(3,'(033) 101878','2015-01-15 13:27:12','2015-12-02 10:24:57'),
(4,'(066) 69490749','2015-02-01 09:36:32','2015-02-01 09:36:32'),
(5,'(099) 03674870','2015-05-06 18:50:25','2015-05-06 18:50:25'),
(6,'(033) 421180','2015-03-04 23:35:01','2015-12-13 22:59:55'),
(7,'(0562) 3152192','2015-07-04 00:54:52','2015-11-22 14:01:57'),
(8,'(0562) 3387711','2015-02-25 00:02:08','2015-11-20 16:31:04'),
(9,'(099) 42860238','2015-01-20 04:54:39','2015-12-13 14:07:12'),
(10,'(099) 20629179','2015-03-05 03:41:23','2015-11-14 15:22:40'),
(11,'(099) 55144645','2015-11-16 20:15:51','2015-12-07 23:36:45'),
(12,'(033) 343366','2015-06-03 13:51:58','2015-11-15 05:30:40'),
(13,'(0562) 7162215','2015-04-02 06:23:59','2015-12-09 05:13:56'),
(14,'(033) 087317','2015-12-07 11:01:11','2015-11-29 07:19:15'),
(15,'(066) 35918078','2015-10-05 04:18:02','2015-12-18 19:21:51'),
(16,'(0562) 4772799','2015-11-08 13:23:21','2015-11-14 02:04:34'),
(17,'(099) 81916193','2015-03-13 05:53:07','2015-11-15 03:47:13'),
(18,'(033) 817032','2015-04-02 05:24:36','2015-12-27 15:20:48'),
(19,'(033) 656574','2015-07-11 12:57:35','2015-12-17 13:55:45'),
(20,'(099) 07921019','2015-07-20 14:01:00','2015-12-29 09:25:08'),
(21,'(0562) 0003682','2015-12-06 15:25:58','2015-11-21 06:29:03'),
(22,'(0562) 8098321','2015-04-14 23:54:47','2015-04-14 23:54:47'),
(23,'(099) 36294947','2015-06-24 15:42:17','2015-06-24 15:42:17'),
(24,'(066) 72483137','2015-06-20 03:48:30','2015-12-23 19:36:07'),
(25,'(099) 88920819','2015-02-11 10:55:45','2015-11-09 04:41:02'),
(26,'(033) 414118','2015-04-06 10:16:43','2016-01-01 23:33:06'),
(27,'(033) 750611','2015-10-13 17:09:22','2015-11-25 23:55:32'),
(28,'(033) 565241','2015-11-05 04:33:55','2015-11-18 08:39:58'),
(29,'(066) 14074443','2015-05-13 10:23:55','2015-05-13 10:23:55'),
(30,'(0562) 6831238','2015-01-28 21:21:18','2015-11-07 23:07:18'),
(31,'(033) 530446','2015-11-12 23:24:48','2015-12-13 03:53:06'),
(32,'(066) 25964232','2015-03-11 18:55:39','2015-11-10 06:01:00'),
(33,'(066) 24809462','2015-09-20 00:25:46','2015-11-14 00:07:56'),
(34,'(0562) 1740170','2015-03-29 03:17:15','2015-03-29 03:17:15'),
(35,'(0562) 0174775','2015-10-04 19:40:14','2015-10-04 19:40:14'),
(36,'(033) 211990','2015-04-11 04:57:01','2015-04-11 04:57:01'),
(37,'(033) 464318','2015-11-12 00:26:34','2015-12-16 20:52:33'),
(38,'(0562) 1704803','2015-06-23 14:00:54','2016-01-01 16:50:33'),
(39,'(0562) 5168978','2015-12-21 23:42:34','2015-11-20 16:42:18'),
(40,'(033) 612898','2015-12-24 21:44:51','2015-11-06 03:31:52'),
(41,'(066) 58493520','2015-03-01 10:23:54','2015-03-01 10:23:54'),
(42,'(099) 56200963','2015-10-27 15:10:29','2015-10-27 15:10:29'),
(43,'(099) 54040291','2015-11-11 03:54:52','2015-11-11 03:54:52'),
(44,'(0562) 4844305','2015-09-07 20:45:39','2015-09-07 20:45:39'),
(45,'(033) 478730','2015-11-25 23:10:26','2015-11-28 10:39:11'),
(46,'(033) 095182','2015-04-17 02:47:30','2015-12-08 18:05:25'),
(47,'(0562) 1574002','2015-04-28 18:08:49','2015-11-10 12:58:45'),
(48,'(066) 33686793','2015-08-23 21:16:13','2015-11-26 01:45:58'),
(49,'(066) 13497617','2015-05-17 16:36:23','2015-05-17 16:36:23'),
(50,'(0562) 0079372','2015-06-04 14:56:05','2015-06-04 14:56:05'),
(51,'(099) 36692996','2015-11-05 07:25:34','2015-11-05 07:25:34'),
(52,'(066) 14704539','2015-01-15 03:36:47','2015-11-12 19:50:16'),
(53,'(099) 35801326','2015-01-05 10:45:02','2015-11-13 05:28:49'),
(54,'(066) 60938230','2015-10-16 18:46:03','2015-12-17 10:20:25'),
(55,'(033) 255970','2015-05-30 23:22:23','2015-11-21 04:03:34'),
(56,'(033) 964237','2015-06-29 02:12:12','2015-06-29 02:12:12'),
(57,'(033) 295953','2015-07-16 22:22:32','2015-12-13 02:08:57'),
(58,'(099) 12461318','2015-04-07 19:50:13','2015-12-01 04:33:26'),
(59,'(033) 796234','2015-11-16 02:43:41','2015-12-22 21:30:54'),
(60,'(099) 88713861','2015-05-17 21:54:35','2015-11-29 01:51:53'),
(61,'(0562) 7136408','2015-05-13 09:43:08','2015-05-13 09:43:08'),
(62,'(033) 179321','2015-02-02 16:51:00','2015-12-15 22:36:55'),
(63,'(066) 64290139','2015-06-30 10:16:41','2015-11-17 18:50:24'),
(64,'(033) 297831','2015-04-30 14:18:16','2015-04-30 14:18:16'),
(65,'(0562) 0818402','2015-09-16 13:33:14','2015-11-13 10:25:14'),
(66,'(0562) 1999612','2015-03-31 02:14:02','2015-11-21 07:45:18'),
(67,'(033) 448672','2015-08-10 09:24:41','2015-11-21 04:14:04'),
(68,'(099) 36595659','2015-04-24 12:33:40','2015-12-15 09:29:39'),
(69,'(066) 61098524','2015-03-29 05:37:32','2015-12-23 04:51:45'),
(70,'(0562) 1913252','2015-05-24 16:50:38','2015-12-28 10:41:34'),
(71,'(033) 942396','2015-03-25 19:24:14','2015-03-25 19:24:14'),
(72,'(099) 23893814','2015-05-24 01:55:53','2015-12-27 08:58:27'),
(73,'(033) 177355','2015-06-13 15:20:50','2015-12-31 12:00:57'),
(74,'(066) 02520117','2015-03-20 17:14:56','2015-11-09 14:08:37'),
(75,'(099) 11751995','2015-10-28 23:57:31','2015-10-28 23:57:31'),
(76,'(0562) 2311787','2015-06-15 02:38:01','2015-06-15 02:38:01'),
(77,'(0562) 5337426','2015-09-19 13:23:57','2015-09-19 13:23:57'),
(78,'(0562) 1224058','2015-11-10 11:37:53','2015-11-30 21:56:31'),
(79,'(033) 129831','2015-07-24 11:38:01','2015-11-24 15:32:21'),
(80,'(099) 87037236','2015-01-07 16:16:42','2015-11-07 18:59:11'),
(81,'(033) 679776','2015-11-18 17:49:42','2015-12-24 11:17:51'),
(82,'(099) 39885210','2015-10-13 01:56:39','2015-10-13 01:56:39'),
(83,'(033) 671986','2015-12-05 13:31:49','2015-12-06 12:18:22'),
(84,'(033) 353472','2015-03-23 06:07:20','2015-11-16 03:46:58'),
(85,'(0562) 6037618','2015-03-18 16:14:59','2016-01-01 15:42:27'),
(86,'(0562) 6223531','2015-09-23 20:00:01','2015-09-23 20:00:01'),
(87,'(099) 20137674','2015-11-27 21:32:34','2015-11-04 23:17:04'),
(88,'(033) 054737','2015-09-23 15:05:19','2015-11-30 03:55:26'),
(89,'(033) 180795','2015-11-02 10:40:27','2015-11-24 11:49:15'),
(90,'(099) 07378223','2015-11-14 00:15:13','2015-11-14 00:15:13'),
(91,'(0562) 4139091','2015-10-13 11:47:36','2015-12-28 16:00:50'),
(92,'(0562) 6042153','2015-06-26 21:21:15','2015-11-17 03:19:19'),
(93,'(033) 091691','2015-02-06 20:12:00','2015-11-05 23:35:27'),
(94,'(099) 00184810','2015-05-24 07:53:24','2015-11-30 16:21:13'),
(95,'(099) 88506621','2015-01-30 23:09:25','2015-01-30 23:09:25'),
(96,'(066) 22231557','2015-11-02 01:30:02','2015-12-30 23:46:56'),
(97,'(0562) 3907299','2015-06-25 04:11:13','2015-11-30 07:44:50'),
(98,'(0562) 6344979','2015-04-09 18:50:00','2015-11-27 15:46:27'),
(99,'(033) 631078','2015-12-28 08:10:30','2015-12-29 15:49:56'),
(100,'(0562) 9402958','2015-07-28 12:50:28','2015-07-28 12:50:28'),
(101,'(0322) 879815','2015-02-01 03:13:51','2015-06-19 20:41:26'),
(102,'(033) 66408425','2015-03-09 18:57:40','2015-05-25 13:05:47'),
(103,'(033) 61956201','2015-03-17 02:15:03','2015-12-09 18:37:47'),
(104,'(033) 16191688','2015-01-23 10:04:32','2015-05-28 20:03:15'),
(105,'(033) 55325802','2015-03-24 00:11:04','2015-07-12 21:40:55'),
(106,'(0322) 828562','2015-02-02 01:36:22','2015-05-25 12:12:51'),
(107,'(067) 88202880','2015-03-06 20:24:06','2015-06-15 08:19:05'),
(108,'(063) 0819317','2015-04-22 00:05:03','2015-07-21 04:42:49'),
(109,'(033) 50929089','2015-01-04 00:41:31','2015-07-07 10:58:33'),
(110,'(063) 4607367','2015-04-01 04:55:44','2015-09-30 23:35:24'),
(111,'(033) 15555919','2015-02-19 00:27:46','2015-11-18 18:30:50'),
(112,'(033) 70661573','2015-01-12 01:25:05','2015-08-15 15:44:56'),
(113,'(033) 62554535','2015-02-11 09:14:10','2015-05-29 08:57:28'),
(114,'(0322) 330701','2015-03-12 08:46:48','2015-07-02 12:32:38'),
(115,'(033) 78510665','2015-01-19 01:13:38','2015-12-28 03:25:33'),
(116,'(0322) 257611','2015-03-29 04:21:05','2015-08-26 21:24:37'),
(117,'(063) 7071402','2015-01-13 19:14:54','2015-08-01 09:01:39'),
(118,'(033) 47664276','2015-02-17 06:13:41','2015-06-27 10:44:41'),
(119,'(063) 4160911','2015-04-04 05:06:11','2015-11-20 00:10:32'),
(120,'(067) 58393919','2015-02-18 17:31:16','2015-08-29 05:23:00'),
(121,'(033) 00826083','2015-01-12 17:33:47','2015-07-24 20:25:09'),
(122,'(063) 7374342','2015-04-16 23:03:29','2015-08-16 10:43:00'),
(123,'(063) 8532766','2015-02-18 04:03:26','2015-06-12 13:21:22'),
(124,'(033) 31723380','2015-04-30 21:49:24','2015-12-21 08:18:31'),
(125,'(033) 57016165','2015-02-21 02:04:55','2015-12-12 19:04:56'),
(126,'(063) 1080461','2015-05-11 17:12:41','2015-12-08 05:38:04'),
(127,'(067) 01301999','2015-05-06 23:28:14','2015-05-23 10:38:49'),
(128,'(033) 56636963','2015-04-05 06:26:51','2015-08-16 19:44:41'),
(129,'(0322) 088431','2015-03-11 09:03:27','2015-05-30 20:21:33'),
(130,'(033) 13685333','2015-01-20 09:36:21','2015-05-21 14:05:17'),
(131,'(063) 9950055','2015-01-10 19:20:12','2015-09-24 14:49:53'),
(132,'(063) 4364564','2015-04-19 22:17:19','2015-11-29 22:49:26'),
(133,'(063) 7497512','2015-03-27 00:12:56','2015-05-16 17:57:32'),
(134,'(0322) 243382','2015-04-14 16:30:50','2015-11-05 05:48:44'),
(135,'(067) 33683145','2015-05-03 06:15:39','2015-09-29 04:55:27'),
(136,'(067) 10145229','2015-04-24 15:13:05','2015-09-01 02:33:52'),
(137,'(067) 44088569','2015-02-18 08:54:56','2015-12-16 12:27:56'),
(138,'(033) 43533608','2015-03-18 22:24:00','2015-08-07 11:34:55'),
(139,'(067) 10265175','2015-01-31 03:17:46','2015-12-20 11:08:56'),
(140,'(063) 0030562','2015-04-11 07:50:20','2015-08-05 17:21:13'),
(141,'(067) 03873067','2015-03-21 22:58:17','2015-10-12 16:54:55'),
(142,'(063) 9674450','2015-02-21 21:38:15','2015-12-02 00:30:48'),
(143,'(0322) 094141','2015-01-28 22:20:55','2015-10-29 08:58:54'),
(144,'(0322) 320814','2015-03-01 16:30:43','2015-12-14 04:02:26'),
(145,'(0322) 574922','2015-04-13 18:20:42','2015-11-09 11:19:16'),
(146,'(033) 35343515','2015-03-14 18:44:20','2015-07-13 22:18:19'),
(147,'(033) 43870230','2015-05-03 06:28:12','2015-06-03 20:09:56'),
(148,'(067) 73857617','2015-04-29 12:21:10','2015-09-17 18:29:40'),
(149,'(067) 17987669','2015-01-15 20:33:17','2015-09-20 12:05:47'),
(150,'(033) 90401607','2015-04-29 06:50:30','2015-06-28 22:44:32');

/*Table structure for table `staff` */

DROP TABLE IF EXISTS `staff`;

CREATE TABLE `staff` (
  `id` int(11) NOT NULL AUTO_INCREMENT,
  `name` varchar(255) NOT NULL,
  `date_of_birth` date DEFAULT NULL,
  `created_at` datetime NOT NULL,
  `updated_at` datetime NOT NULL,
  `status` tinyint(1) NOT NULL DEFAULT '0' COMMENT 'Статус сотрудника (0 - текущий, 1- архивный)',
  PRIMARY KEY (`id`)
) ENGINE=InnoDB AUTO_INCREMENT=101 DEFAULT CHARSET=utf8;

/*Data for the table `staff` */

insert  into `staff`(`id`,`name`,`date_of_birth`,`created_at`,`updated_at`,`status`) values 
(1,'Nasim O. Burt','1976-07-12','2015-08-18 08:20:18','2017-02-27 20:43:48',0),
(2,'Paloma C. Good','1992-11-11','2016-02-01 18:54:50','2017-05-16 20:26:00',0),
(3,'Tana S. House','1990-04-14','2015-06-12 12:45:36','2017-09-10 19:19:59',0),
(4,'Britanni X. Moses','1994-12-26','2015-08-09 00:10:48','2017-05-02 22:25:07',1),
(5,'Zephania E. Manning','1977-07-30','2015-06-06 03:15:12','2017-10-16 13:03:45',0),
(6,'Elaine N. Summers','1982-07-05','2016-03-11 04:23:52','2017-06-17 14:48:18',0),
(7,'Jarrod L. Berry','1978-04-14','2015-04-22 04:45:31','2017-07-07 11:37:47',0),
(8,'Solomon K. Holder','1980-12-16','2015-04-27 00:28:59','2017-10-06 09:45:55',0),
(9,'Tanek D. Hardy','1994-02-09','2015-10-11 11:13:36','2017-05-13 18:42:47',0),
(10,'Giacomo N. Bond','1983-02-16','2015-10-25 00:04:01','2017-10-24 21:26:20',0),
(11,'Sophia E. Glenn','1978-10-14','2015-07-23 06:12:13','2017-07-09 13:23:14',1),
(12,'Debra I. Howard','1984-02-05','2015-04-09 21:54:27','2016-11-18 08:20:33',1),
(13,'Maggie P. Best','1982-12-26','2015-09-25 07:18:22','2017-01-26 18:15:59',0),
(14,'Mercedes Z. Cotton','1988-02-24','2015-09-15 00:54:15','2017-04-12 05:14:20',0),
(15,'Winifred X. Frederick','1988-07-29','2015-05-08 13:31:26','2016-12-11 15:16:56',0),
(16,'Gemma V. Owens','1978-10-22','2015-04-20 01:39:16','2017-01-30 22:18:34',0),
(17,'Cleo U. Harvey','1990-12-08','2015-01-05 06:03:38','2017-08-26 10:47:24',0),
(18,'Michelle G. Cox','1979-10-10','2015-07-24 04:54:06','2017-09-19 19:25:47',0),
(19,'Price Z. Harrell','1979-04-25','2015-02-15 04:20:51','2017-06-28 06:53:09',1),
(20,'Oliver S. Nielsen','1990-08-13','2015-03-07 18:41:10','2017-09-04 03:59:25',0),
(21,'Basia D. Blackburn','1985-06-13','2015-07-31 17:03:49','2017-06-26 04:53:52',0),
(22,'Suki S. Franks','1987-05-16','2015-08-07 00:39:11','2017-09-01 04:29:39',1),
(23,'Samantha I. Webb','1977-02-08','2016-05-14 15:25:45','2017-02-24 19:14:58',0),
(24,'Jonas S. Blankenship','1989-11-21','2015-05-15 22:46:24','2017-11-09 07:10:34',0),
(25,'Cyrus C. Paul','1981-05-20','2015-03-28 11:06:31','2017-08-12 06:38:02',0),
(26,'Melissa G. Fisher','1984-09-07','2015-01-31 04:37:58','2016-12-01 14:46:24',0),
(27,'Xantha N. Humphrey','1984-05-25','2015-12-23 05:41:16','2017-05-27 15:21:09',0),
(28,'Caldwell K. Williams','1995-08-07','2015-01-09 16:22:29','2017-08-19 17:30:45',0),
(29,'Galvin T. Vaughn','1984-01-11','2015-06-14 19:45:08','2017-10-31 19:41:54',0),
(30,'Brianna Z. Michael','1978-02-04','2016-07-24 22:49:25','2017-08-20 00:25:00',0),
(31,'Charissa H. Mcfadden','1988-01-20','2015-10-30 01:53:04','2017-11-10 23:42:13',0),
(32,'Colton P. Bruce','1984-02-28','2015-12-09 14:15:45','2016-11-24 20:25:23',0),
(33,'Orla T. Gordon','1983-02-17','2015-04-10 19:52:43','2017-08-06 21:55:54',0),
(34,'Rowan N. Hobbs','1991-03-23','2015-03-30 13:51:13','2017-07-29 05:51:32',0),
(35,'Irma W. Norris','1980-04-20','2015-07-12 02:28:14','2017-06-22 19:00:33',0),
(36,'Tasha C. Guerrero','1982-02-23','2015-01-15 13:33:11','2017-07-05 17:01:59',1),
(37,'Ainsley X. Parker','1982-11-02','2015-06-01 17:16:29','2017-01-12 20:40:05',0),
(38,'Marny R. Adams','1977-02-04','2015-04-04 04:11:05','2017-01-21 14:17:53',1),
(39,'Beverly N. Sykes','1994-09-29','2015-11-12 20:46:42','2017-01-09 07:40:50',0),
(40,'Sharon B. Hensley','1979-02-07','2015-05-31 11:33:14','2017-11-18 18:47:16',0),
(41,'Charissa D. Duffy','1988-09-05','2015-11-14 23:42:48','2017-11-29 06:53:49',0),
(42,'Theodore M. Holloway','1983-11-25','2015-07-14 08:52:21','2017-05-22 00:05:17',0),
(43,'Aurelia J. James','1990-08-06','2016-01-01 18:51:57','2016-11-01 21:53:14',0),
(44,'Carolyn R. Mclean','1986-12-31','2015-06-04 18:49:34','2017-11-22 04:49:40',0),
(45,'Sara O. Fleming','1984-07-13','2015-04-28 16:30:53','2017-09-21 23:21:57',0),
(46,'Carissa B. Edwards','1989-03-21','2015-11-02 04:26:25','2017-03-04 11:53:19',0),
(47,'Hiroko M. Myers','1984-02-07','2015-02-05 11:48:08','2017-07-14 05:25:04',0),
(48,'Hillary M. Terry','1987-12-11','2015-04-26 06:22:35','2017-06-25 17:49:46',0),
(49,'Brielle X. Sellers','1993-09-14','2015-02-23 22:19:08','2017-07-08 09:22:49',0),
(50,'Len K. Owen','1991-04-05','2015-11-28 06:57:33','2016-11-27 00:41:25',0),
(51,'Lamar P. Hayden','1994-05-08','2015-07-22 16:24:09','2017-10-27 01:41:46',1),
(52,'Aurelia V. Meyers','1992-04-16','2015-07-28 14:17:51','2017-04-03 23:51:07',0),
(53,'Akeem R. Kirby','1978-12-24','2015-11-01 09:12:29','2017-11-20 22:19:14',0),
(54,'Austin B. Delaney','1976-04-19','2015-05-05 02:36:25','2017-06-29 07:40:33',0),
(55,'Dahlia Y. Finch','1980-05-20','2015-11-21 08:21:23','2017-02-05 18:05:49',0),
(56,'Stacy O. Love','1992-09-18','2015-05-01 15:05:19','2017-04-25 13:20:34',0),
(57,'Jelani T. Bass','1982-05-11','2015-04-16 04:53:30','2017-04-06 14:44:06',0),
(58,'Chastity N. Bright','1989-11-02','2016-11-21 01:35:44','2017-10-18 00:21:51',0),
(59,'Athena Y. Mullen','1982-11-22','2015-12-17 23:02:54','2017-10-18 10:36:00',0),
(60,'Ella Q. Craft','1993-01-10','2015-12-11 21:41:28','2017-10-25 02:47:08',0),
(61,'Edward L. Berg','1976-01-07','2015-04-08 01:40:25','2017-03-19 00:28:16',0),
(62,'Trevor M. Hooper','1987-05-03','2015-04-03 11:29:39','2016-11-09 02:56:11',1),
(63,'Gay G. Mccarty','1983-03-15','2015-10-02 04:47:46','2017-03-15 14:34:47',1),
(64,'Nathan D. Faulkner','1990-07-23','2015-03-15 00:52:25','2017-06-05 22:13:20',0),
(65,'Leilani W. Henderson','1984-12-10','2015-06-19 10:08:01','2017-05-04 19:17:20',0),
(66,'Aristotle F. Newton','1979-03-07','2015-10-26 10:31:05','2017-06-21 16:23:52',0),
(67,'Lana E. Mckay','1976-01-05','2015-07-20 18:08:29','2017-07-06 06:31:12',0),
(68,'Anne V. Roman','1986-12-12','2015-07-14 04:59:45','2016-11-26 16:11:24',0),
(69,'Shad R. Sweet','1992-04-19','2015-05-22 21:22:55','2017-01-04 12:10:57',1),
(70,'Tucker H. Pickett','1981-12-03','2015-04-01 17:56:32','2017-10-24 09:39:50',0),
(71,'Alma H. Stephenson','1982-04-14','2015-03-07 13:42:14','2017-08-17 13:26:44',0),
(72,'Gareth X. Hahn','1984-02-15','2015-09-13 10:53:26','2016-12-24 04:20:20',0),
(73,'Finn D. Andrews','1981-09-20','2015-05-01 19:28:36','2017-01-08 02:10:59',0),
(74,'Tarik N. Bryan','1983-04-06','2015-11-26 22:52:15','2016-11-21 03:45:50',0),
(75,'Virginia D. Huber','1977-12-03','2015-11-01 04:55:56','2017-02-20 18:37:27',0),
(76,'Mason V. Richmond','1987-07-21','2015-12-05 03:45:25','2017-08-17 14:26:07',1),
(77,'Kennedy M. Huber','1986-02-13','2015-12-11 15:18:11','2017-06-14 03:45:26',0),
(78,'Macon G. Sherman','1979-09-27','2015-07-16 20:38:59','2017-06-05 11:10:22',0),
(79,'Whilemina F. Hoffman','1995-01-15','2015-10-16 03:59:50','2017-04-03 11:13:29',0),
(80,'Heather T. Mckee','1991-06-30','2015-02-05 09:15:41','2017-01-20 02:50:47',0),
(81,'Kylie D. Lucas','1991-09-10','2015-12-28 22:14:05','2017-02-26 18:50:00',0),
(82,'Mari K. Sykes','1993-12-28','2015-04-06 23:34:11','2017-10-27 19:13:33',0),
(83,'Anjolie G. Carey','1981-08-22','2015-03-13 05:13:11','2017-03-19 06:58:14',0),
(84,'Ariana T. Lane','1980-07-11','2015-09-08 13:29:43','2017-05-25 21:59:03',0),
(85,'Mechelle R. Wells','1977-09-17','2015-03-08 15:47:01','2017-05-06 20:37:09',0),
(86,'Lunea A. Good','1994-09-07','2015-01-28 20:29:43','2016-11-12 00:00:37',0),
(87,'Marsden B. Mccray','1988-03-28','2016-06-17 23:50:02','2017-09-21 14:57:33',0),
(88,'Paula R. Romero','1979-12-09','2015-01-23 05:25:01','2017-08-20 22:44:59',0),
(89,'Kellie T. Fuentes','1975-01-02','2015-06-02 13:26:50','2017-07-01 07:31:31',0),
(90,'Rylee K. Mclaughlin','1975-03-16','2015-12-19 11:36:49','2017-01-16 22:38:37',0),
(91,'Christine G. Drake','1980-06-17','2015-02-20 23:52:03','2017-06-22 01:22:10',0),
(92,'Chiquita K. Kramer','1983-11-01','2015-02-28 02:15:09','2017-10-24 13:32:12',1),
(93,'Yardley W. Miranda','1992-02-18','2015-12-02 21:46:12','2017-09-25 23:23:55',0),
(94,'Lane V. Watts','1983-07-15','2015-06-19 03:51:51','2017-01-22 06:15:36',0),
(95,'Malachi W. Cunningham','1986-04-01','2016-09-07 17:57:03','2017-10-11 04:26:06',0),
(96,'Mira N. Blevins','1982-12-30','2015-12-20 15:43:17','2017-01-11 05:26:18',0),
(97,'Dai G. Owens','1992-09-19','2015-04-01 10:36:48','2017-04-27 12:06:33',0),
(98,'Kirk I. Hood','1990-07-28','2015-01-23 07:37:09','2017-04-01 00:05:03',0),
(99,'Nathan Y. Newman','1978-04-14','2015-11-29 05:29:38','2017-03-28 21:23:31',0),
(100,'Kyla G. Clark','1985-03-28','2015-06-04 09:38:09','2017-07-20 17:29:13',0);

/*Table structure for table `staff_cities` */

DROP TABLE IF EXISTS `staff_cities`;

CREATE TABLE `staff_cities` (
  `id` int(11) NOT NULL AUTO_INCREMENT,
  `staff__id` int(11) DEFAULT NULL,
  `cities__id` int(11) DEFAULT NULL,
  PRIMARY KEY (`id`),
  KEY `ix_staff_cities_staff__id_cities__id` (`staff__id`,`cities__id`),
  KEY `fk_staff_cities_cities__id_cities` (`cities__id`),
  CONSTRAINT `fk_staff_cities_cities__id_cities` FOREIGN KEY (`cities__id`) REFERENCES `cities` (`id`) ON DELETE CASCADE ON UPDATE CASCADE,
  CONSTRAINT `fk_staff_cities_staff__id_staff` FOREIGN KEY (`staff__id`) REFERENCES `staff` (`id`) ON DELETE CASCADE ON UPDATE CASCADE
) ENGINE=InnoDB AUTO_INCREMENT=101 DEFAULT CHARSET=utf8 COMMENT='Промежуточная таблица для городов и сотрудников';

/*Data for the table `staff_cities` */

insert  into `staff_cities`(`id`,`staff__id`,`cities__id`) values 
(1,1,3),
(2,2,21),
(3,3,25),
(4,4,19),
(5,5,9),
(6,6,20),
(7,7,10),
(8,8,1),
(9,9,25),
(10,10,4),
(11,11,4),
(12,12,17),
(13,13,24),
(14,14,8),
(15,15,19),
(16,16,16),
(17,17,1),
(18,18,17),
(19,19,6),
(20,20,13),
(21,21,7),
(22,22,19),
(23,23,16),
(24,24,18),
(25,25,25),
(26,26,10),
(27,27,14),
(28,28,10),
(29,29,3),
(30,30,3),
(31,31,2),
(32,32,7),
(33,33,5),
(34,34,2),
(35,35,2),
(36,36,11),
(37,37,16),
(38,38,13),
(39,39,12),
(40,40,16),
(41,41,20),
(42,42,20),
(43,43,2),
(44,44,22),
(45,45,10),
(46,46,15),
(47,47,11),
(48,48,18),
(49,49,24),
(50,50,24),
(51,51,24),
(52,52,17),
(53,53,2),
(54,54,11),
(55,55,8),
(56,56,2),
(57,57,24),
(58,58,21),
(59,59,8),
(60,60,3),
(61,61,11),
(62,62,14),
(63,63,12),
(64,64,21),
(65,65,23),
(66,66,18),
(67,67,24),
(68,68,9),
(69,69,16),
(70,70,18),
(71,71,19),
(72,72,5),
(73,73,2),
(74,74,23),
(75,75,9),
(76,76,20),
(77,77,16),
(78,78,23),
(79,79,7),
(80,80,5),
(81,81,12),
(82,82,18),
(83,83,4),
(84,84,1),
(85,85,23),
(86,86,15),
(87,87,2),
(88,88,12),
(89,89,15),
(90,90,16),
(91,91,17),
(92,92,25),
(93,93,21),
(94,94,12),
(95,95,23),
(96,96,2),
(97,97,25),
(98,98,17),
(99,99,6),
(100,100,25);

/*Table structure for table `staff_emails` */

DROP TABLE IF EXISTS `staff_emails`;

CREATE TABLE `staff_emails` (
  `id` int(11) NOT NULL AUTO_INCREMENT,
  `staff__id` int(11) DEFAULT NULL,
  `emails__id` int(11) DEFAULT NULL,
  PRIMARY KEY (`id`),
  UNIQUE KEY `ix_staff_emails_staff__id_emails__id` (`staff__id`,`emails__id`),
  KEY `fk_staff_emails_emails__id__emails` (`emails__id`),
  CONSTRAINT `fk_staff_emails_emails__id__emails` FOREIGN KEY (`emails__id`) REFERENCES `emails` (`id`) ON DELETE CASCADE ON UPDATE CASCADE,
  CONSTRAINT `fk_staff_emails_staff__id__staff` FOREIGN KEY (`staff__id`) REFERENCES `staff` (`id`) ON DELETE CASCADE ON UPDATE CASCADE
) ENGINE=InnoDB AUTO_INCREMENT=171 DEFAULT CHARSET=utf8 COMMENT='Промежуточная таблица между профилем сотрудника и email';

/*Data for the table `staff_emails` */

insert  into `staff_emails`(`id`,`staff__id`,`emails__id`) values 
(74,1,38),
(111,1,111),
(16,2,53),
(61,2,95),
(113,2,113),
(132,3,132),
(15,4,73),
(109,4,109),
(125,4,125),
(32,5,25),
(51,5,44),
(118,6,118),
(81,7,93),
(151,8,151),
(99,9,9),
(11,9,65),
(38,9,70),
(127,9,127),
(168,9,168),
(17,10,35),
(66,11,33),
(56,12,60),
(71,12,62),
(84,12,74),
(141,13,141),
(153,13,153),
(78,14,54),
(63,15,13),
(20,15,67),
(143,15,143),
(30,16,55),
(86,17,57),
(93,17,81),
(166,18,166),
(67,19,61),
(23,19,63),
(130,20,130),
(41,21,15),
(36,22,64),
(128,22,128),
(161,22,161),
(57,23,90),
(52,23,94),
(106,23,106),
(148,23,148),
(3,24,96),
(107,24,107),
(21,25,47),
(73,25,85),
(42,25,88),
(28,26,27),
(10,26,86),
(102,26,102),
(145,26,145),
(167,27,167),
(169,27,169),
(8,28,5),
(46,28,7),
(90,28,29),
(133,28,133),
(157,28,157),
(40,29,58),
(45,30,98),
(94,31,11),
(4,32,24),
(43,33,41),
(164,33,164),
(72,34,68),
(105,35,105),
(158,36,158),
(159,36,159),
(49,37,40),
(83,37,50),
(97,38,22),
(65,39,49),
(160,40,160),
(1,41,59),
(80,42,80),
(115,43,115),
(50,44,87),
(121,45,121),
(34,46,30),
(55,47,37),
(155,48,155),
(154,49,154),
(91,50,89),
(126,51,126),
(142,52,142),
(147,52,147),
(162,52,162),
(101,53,101),
(60,54,69),
(6,55,1),
(100,55,20),
(26,56,8),
(58,56,18),
(92,56,78),
(104,56,104),
(110,56,110),
(14,57,91),
(116,57,116),
(119,57,119),
(138,57,138),
(24,58,19),
(139,58,139),
(13,59,12),
(39,59,46),
(7,60,21),
(129,60,129),
(170,60,170),
(137,61,137),
(64,62,99),
(131,62,131),
(152,62,152),
(165,62,165),
(76,63,36),
(82,63,71),
(144,63,144),
(163,63,163),
(88,64,92),
(103,64,103),
(69,65,10),
(29,65,72),
(156,65,156),
(33,66,32),
(59,67,16),
(135,67,135),
(5,68,4),
(98,69,76),
(114,69,114),
(140,69,140),
(75,70,2),
(117,70,117),
(146,71,146),
(122,72,122),
(124,73,124),
(134,74,134),
(2,75,39),
(120,75,120),
(150,76,150),
(27,77,17),
(96,77,26),
(53,77,79),
(85,78,6),
(19,78,14),
(44,78,43),
(108,79,108),
(112,79,112),
(123,79,123),
(136,79,136),
(149,79,149),
(22,80,83),
(70,81,28),
(95,82,42),
(77,83,100),
(18,84,84),
(37,85,31),
(79,86,75),
(89,87,56),
(12,88,48),
(54,89,82),
(48,90,34),
(47,91,45),
(68,92,51),
(35,94,23),
(31,96,77),
(62,97,66),
(87,98,52),
(25,99,97),
(9,100,3);

/*Table structure for table `staff_phones` */

DROP TABLE IF EXISTS `staff_phones`;

CREATE TABLE `staff_phones` (
  `id` int(11) NOT NULL AUTO_INCREMENT,
  `staff__id` int(11) DEFAULT NULL,
  `phones__id` int(11) DEFAULT NULL,
  PRIMARY KEY (`id`),
  UNIQUE KEY `ix_staff_phones_staff__id_phones__id` (`staff__id`,`phones__id`),
  KEY `fk_staff_phones_phones__id_phones` (`phones__id`),
  CONSTRAINT `fk_staff_phones_phones__id_phones` FOREIGN KEY (`phones__id`) REFERENCES `phones` (`id`),
  CONSTRAINT `fk_staff_phones_staff_id_staff` FOREIGN KEY (`staff__id`) REFERENCES `staff` (`id`)
) ENGINE=InnoDB AUTO_INCREMENT=151 DEFAULT CHARSET=utf8 COMMENT='Промежуточная таблица между сотрудником и номером телефона';

/*Data for the table `staff_phones` */

insert  into `staff_phones`(`id`,`staff__id`,`phones__id`) values 
(41,2,10),
(95,2,90),
(87,3,100),
(46,4,44),
(100,4,86),
(57,7,25),
(27,7,64),
(134,8,134),
(136,8,136),
(70,9,3),
(88,10,24),
(26,13,14),
(137,13,137),
(21,14,4),
(32,14,43),
(16,16,13),
(99,16,70),
(85,16,72),
(63,17,42),
(119,17,119),
(5,18,30),
(109,18,109),
(8,19,81),
(40,19,98),
(86,20,8),
(38,20,61),
(90,21,78),
(68,21,99),
(36,22,56),
(11,22,67),
(28,23,40),
(98,23,87),
(128,23,128),
(69,24,50),
(89,25,73),
(81,25,80),
(10,26,37),
(75,26,47),
(117,27,117),
(112,28,112),
(133,28,133),
(60,31,46),
(42,31,95),
(66,32,58),
(72,32,96),
(52,34,45),
(79,34,60),
(6,34,88),
(103,34,103),
(94,35,27),
(135,35,135),
(97,36,94),
(104,36,104),
(121,36,121),
(22,37,26),
(35,37,91),
(54,38,41),
(141,38,141),
(9,39,29),
(2,39,36),
(123,39,123),
(146,42,146),
(138,43,138),
(140,43,140),
(15,45,69),
(50,45,74),
(126,45,126),
(62,46,76),
(34,47,17),
(1,47,18),
(23,47,31),
(77,47,51),
(4,48,84),
(31,49,71),
(113,49,113),
(84,50,12),
(55,50,82),
(125,50,125),
(19,51,11),
(61,52,7),
(39,52,34),
(102,52,102),
(114,52,114),
(115,52,115),
(24,53,97),
(124,53,124),
(92,54,35),
(130,54,130),
(48,55,79),
(91,55,83),
(107,56,107),
(73,59,38),
(29,59,73),
(122,59,122),
(65,60,1),
(105,60,105),
(96,61,68),
(108,61,108),
(59,62,2),
(45,62,63),
(139,62,139),
(30,63,20),
(132,64,132),
(17,65,93),
(20,66,9),
(12,66,85),
(111,66,111),
(43,68,48),
(120,68,120),
(33,69,5),
(82,70,28),
(51,70,33),
(18,72,6),
(37,72,55),
(110,72,110),
(44,73,59),
(64,73,65),
(150,74,150),
(118,75,118),
(149,76,149),
(67,77,89),
(142,78,142),
(25,79,19),
(56,80,32),
(71,80,54),
(116,82,116),
(14,83,23),
(49,83,39),
(80,85,22),
(93,85,62),
(145,85,145),
(148,87,148),
(106,88,106),
(147,90,147),
(58,92,75),
(127,92,127),
(83,93,15),
(3,95,53),
(131,95,131),
(53,96,16),
(13,96,49),
(129,96,129),
(143,96,143),
(76,98,21),
(47,100,57),
(74,100,77),
(101,100,101),
(144,100,144);
